feedGuid,itemGuid,title,artist,feedUrl,feedTitle,episodeId,feedId
"3ae285ab-434c-59d8-aa2f-59c6129afb92","d8145cb6-97d9-4358-895b-2bf055d169aa","Neon Hawk","John Depew Trio","https://wavlake.com/feed/music/99ed143c-c461-4f1a-9d0d-bee6f70d8b7e","Bell of Hope","40262390560","7422180"
"6fc2ad98-d4a8-5d70-9c68-62e9efc1209c","aad6e3b1-6589-4e22-b8ca-521f3d888263","Grey's Birthday","Big Awesome","https://wavlake.com/feed/music/5a07b3f1-8249-45a1-b40a-630797dc4941","Birdfeeder (EP)","29982854680","7086035"
"dea01a9d-a024-5b13-84aa-b157304cd3bc","52007112-2772-42f9-957a-a93eaeedb222","Smokestacks","Herbivore","https://wavlake.com/feed/music/328f61b9-20b1-4338-9e2a-b437abc39f7b","Smokestacks","16429855198","6685399"
"95e5f7a9-d88e-5e51-b2ae-f4b1865d19c4","d79f242f-0651-4b12-be79-c2bac234cfde","Hit the Target [Live in Amsterdam]","Theo Katzman","https://wavlake.com/feed/music/8aaf0d1e-7ac3-4f7d-993b-6f59f936d780","Live From the Other Side","33874518602","7216277"
"3058af0c-1807-5732-9a08-9114675ef7d6","c51ecaa4-f237-4707-9c62-2de611820e4b","Lost Summer","Ollie","https://wavlake.com/feed/music/883ea557-39c0-4bec-9618-c75978bc63b5","Lost Summer","39446986829","7400497"
"011c3a82-d716-54f7-9738-3d5fcacf65be","c2ba80cc-add9-42ad-9a8f-b490436826ae","Quiet Day","Lara J","https://wavlake.com/feed/music/79f5f4f0-a774-40ed-abdf-90ada1980a71","Abyss / Quiet day","39685112503","7406941"
"0ab5bc9d-c9fb-52f4-8b8c-64be5edf322f","7bc23b30-5d37-4e03-8256-543b7bf17ba8","it can be erased","Nate Johnivan","https://wavlake.com/feed/music/d7a1d7bc-ae06-4b3b-a3fa-4e203d68dbaf","it can be erased","19754379965","6816636"
"187f22db-79cb-5ac4-aa60-54e424e3915e","83b608cb-fbb8-4cc4-895e-bd1cf2b08ae3","It's Christmastime Again! (lofi beats mix)","HeyCitizen","https://files.heycitizen.xyz/Songs/Albums/Lofi-Experience/lofi.xml","HeyCitizen's Lo-Fi Hip-Hop Beats to Study and Relax to","31122108876","6996400"
"265706d5-d6a1-5e96-b4c8-5db454844254","fe6b1845-6b98-425d-aa07-9531474939de","Leaving The Country","bennyjeans","https://www.wavlake.com/feed/6f9ec822-9e9c-497d-b90a-f49035a40f0f","Sad Songs","15565794242","6422472"
"5a95f9d8-35e3-51f5-a269-ba1df36b4bd8","7c823adf-1e53-4df1-98c0-979da81ec916","Bloodshot Lies FUNK","The Doerfels","https://www.doerfelverse.com/feeds/bloodshot-lies-album.xml","Bloodshot Lies - The Album","40193907278","7365153"
"6bf3785f-e053-57f4-9f70-261ee5e3747f","f9683d28-70df-4112-95c4-490c0383c3c9","Hyssop Branches","Doerfel Family Bluegrass","https://www.doerfelverse.com/feeds/dfbv2.xml","DFB Volume 2","26915554132","6998605"
"6bf3785f-e053-57f4-9f70-261ee5e3747f","d60032f3-ce45-45c4-81fc-26ff0394a248","Bipolar","Doerfel Family Bluegrass","https://www.doerfelverse.com/feeds/dfbv2.xml","DFB Volume 2","26915554139","6998605"
"6bf3785f-e053-57f4-9f70-261ee5e3747f","a12d4410-03e0-44fd-bc8b-890760541a93","C.R.V.P.","Doerfel Family Bluegrass","https://www.doerfelverse.com/feeds/dfbv2.xml","DFB Volume 2","26915554155","6998605"
"de032037-63e0-5c6b-820d-13d4319a2b19","e046f9dd-aca3-4c7a-b396-2148a90ac0f2","Breathe","The Greensands","https://wavlake.com/feed/music/169e65e4-c3fa-471f-a473-b75f3890848b","Breathe EP","36065182527","7295699"
"377602c1-b049-5c14-bddf-eb4e349bee5c","3634469f-61ad-4e42-97f2-f1335c6ad267","Going Gold","The Greensands","https://wavlake.com/feed/music/87c4f77c-f400-4548-bb7d-78f1ec8a7fa9","Going Gold Single","36065182528","7295700"
"5a95f9d8-35e3-51f5-a269-ba1df36b4bd8","822d7113-eab2-4857-82d2-cc0c1a52ce2b","Heartbreak (album version)","The Doerfels","https://www.doerfelverse.com/feeds/bloodshot-lies-album.xml","Bloodshot Lies - The Album","40193907266","7365153"
"de032037-63e0-5c6b-820d-13d4319a2b19","24f655ae-8918-4089-8f2c-4c5ef612088b","Kid Yourself EP","The Greensands","https://wavlake.com/feed/music/169e65e4-c3fa-471f-a473-b75f3890848b","Breathe EP","36065182526","7295699"
"5a95f9d8-35e3-51f5-a269-ba1df36b4bd8","24d8aa8b-317c-4f03-86d2-65c454370fb8","Movie (album version)","The Doerfels","https://www.doerfelverse.com/feeds/bloodshot-lies-album.xml","Bloodshot Lies - The Album","40193907265","7365153"
"092e8cd8-6f44-5189-b574-9c0a5881b334","35e81e15-6820-4f83-9a3d-4ef2cf0da14b","Endless Deja Vu","My Friend Jimi","https://wavlake.com/feed/music/2b5b26a9-3b7a-4f78-9db2-424d94b182d8","Endless Deja Vu","21060896668","6867688"
"e1e1fed5-4ca3-55b0-9370-182287ec24e5","86a439b0-6b51-46a4-86f3-2490b7ca34ad","Kid Yourself","The Greensands","https://wavlake.com/feed/music/ec5905f8-0f48-4ce8-ab8e-9a4a959a2104","Kid Yourself Single","36065182529","7295701"
"a2d2e313-9cbd-5169-b89c-ab07b33ecc33","9ff8f18b-cc79-474c-a3e9-2948113b8bf5","Luv Song 4 U","HeyCitizen","https://files.heycitizen.xyz/Songs/Albums/The-Heycitizen-Experience/the heycitizen experience.xml","The Heycitizen Experience","37420640562","6650997"
"d6fe0d1c-bd8d-552b-ac66-cce620391810","cf8a54a4-5cc2-4263-9ee2-a8d99697578a","Through The Mic","Elijah Lied","https://www.doerfelverse.com/artists/elijahlied/throughthemic/through-the-mic.xml","Through The Mic - Single","38268733927","7365050"
"18843839-f79f-5b22-a842-241d0f6b12ea","7bf430ff-6f92-4b44-bd3e-c4d0366e7508","Hiding vs. Bad News","Nate Johnivan","https://wavlake.com/feed/music/0ed13237-aca9-446f-9a03-de1a2d9331a3","Fight!","20063167196","6830161"
"57203632-2003-55d2-b710-c699db963f18","1f7e025c-e8f7-4e10-b12b-9715c9c460c7","Better Days","Ryan Fonda","https://www.wavlake.com/feed/6bece1b8-5385-4a33-9224-09e7f3ee6965","Think Of Me In Color","15572580619","6559576"
"5d5be024-321d-5342-838e-988d1653296b","191c7fee-5fde-4bdd-96c3-d7af3b4b8585","All We Know","Seth Fonda","https://wavlake.com/feed/music/2663f4e8-aa52-4398-89e7-d26381b65545","Finding Lavender","16978838756","6707451"
"08604071-83cc-5810-bec2-bea0f0cd0033","0e4191ef-92d1-49a7-8691-8e691d6bfdda","Night Shift","Ben Doerfel","https://www.doerfelverse.com/feeds/ben-doerfel.xml","Ben Doerfel","33979796256","6604977"
"82235f8b-da8c-52a5-ba6b-1f11c199f526","c6e47574-4fcd-4a56-b2df-9e404a556d15","Smell the Roses","The Johner Boys","https://wavlake.com/feed/music/9e673dbf-0c6e-49f1-85fa-5b3bdd9b9f08","II","25020443644","6962881"
"95e5f7a9-d88e-5e51-b2ae-f4b1865d19c4","bfe9ed47-ac2a-4fc6-be19-6ab94f75c4c4","What Did You Mean (When You Said Love) [Live in London and Amsterdam]","Theo Katzman","https://wavlake.com/feed/music/8aaf0d1e-7ac3-4f7d-993b-6f59f936d780","Live From the Other Side","33874518619","7216277"
"1dc549bf-c1ef-5a30-813f-a2918d37b38d","f5f51623-49f7-4c8d-ad7a-e1bafa10bab8","Inside Out","Middle Season","https://www.doerfelverse.com/artists/middleseason/inside-out.xml","Inside Out - Single","37382371148","7337962"
"47768d25-74d9-5ba4-82db-aeaa7f50e29c","b1d3af49-e178-4153-94ab-8427e69429e4","Autumn","CityBeach","https://www.doerfelverse.com/feeds/autumn.xml","Autumn","20671369466","6852907"
"618f9e01-0ebb-5d59-b334-b428f7ebcc78","22adf983-754f-47af-bf44-2224443c8f28","As Long As It's Rock","Climbing The Mountain (1979-1990)","https://music.behindthesch3m3s.com/wp-content/uploads/2023/07/Tempest.xml","Tempest","15572842779","6544134"
"b39fc3b2-2742-5944-a800-e87c42a093a3","9db6d76b-fe9e-4914-bcc4-c429e0d75d6b","The HeyCitizen Experience - Love Song 4 U","The Satellite Skirmish","https://music.behindthesch3m3s.com/wp-content/uploads/Sat_Skirmish/the_satellite_skirmish_album.xml","The Satellite Skirmish","25021381312","6962941"
"1b59e954-db0a-5096-8116-2ef3638cbb66","117e8cfe-2da4-5c5c-9060-0ac55808a137","The Lightning","The Trusted","https://feeds.rssblue.com/the-lightning","The Lightning","28656593463","7034922"
"9e3cea98-d04d-5190-88b3-46ee6030d4ea","e020b55d-3439-40a1-8271-ba2d59081608","Trailer","The Satellite Skirmish","https://music.behindthesch3m3s.com/wp-content/uploads/Sat_Skirmish/sproutingsymphonies/rss/satspotlightsymphony.xml","The Satellite Spotlight","36565430950","7235124"
"5bb8f186-2460-54dc-911d-54f642e8adf6","213ba1ef-4751-4fc9-a33e-52c49f61c63a","Animosity","CityBeach","https://www.sirtjthewrathful.com/wp-content/uploads/2023/08/CityBeach.xml","CityBeach","15573087568","6560745"
"0ca05681-c035-5e50-b538-6e42328f0dfd","454d3146-049c-49b1-b25e-c6551c083265","West Coast Drive","My Friend Jimi","https://wavlake.com/feed/music/ed3d6bdf-011b-4416-ab87-591672c07145","West Coast Drive","30781413382","7122319"
"f314df41-22c1-5fde-bc55-6f48e1625d96","2ebf7868-7696-4520-9c9c-ff4900978427","Chasing Waterfalls","My Friend Jimi","https://wavlake.com/feed/music/ef800a88-9a1c-4f8e-a7c5-f83d7d9b1c87","Chasing Waterfalls","33062434739","7190186"
"69c634ad-afea-5826-ad9a-8e1f06d6470b","2b8cef29-6aa5-4e2f-a726-92f916f2424a","Call Me Medley","Kurtisdrums","https://www.sirtjthewrathful.com/wp-content/uploads/2023/08/Kurtisdrums-V1.xml","Kurtisdrums","15572708375","6560977"
"b39fc3b2-2742-5944-a800-e87c42a093a3","2fabcf8b-2c9a-4a0a-b895-3274043e5013","Empath Eyes - Apathy","The Satellite Skirmish","https://music.behindthesch3m3s.com/wp-content/uploads/Sat_Skirmish/the_satellite_skirmish_album.xml","The Satellite Skirmish","25021381324","6962941"
"999c4870-396c-5a6b-b22e-4c05ee46127d","3f239db2-6d3c-4164-86c0-92c84f5caafa","Bullet Train","My Friend Jimi","https://wavlake.com/feed/music/b6d8f17c-f448-4085-8ce2-8b247eb26e63","Bullet Train","23656247926","6933466"
"85e076c0-d4e3-5ae4-9586-0ab862dadf64","8e175c89-437c-4543-ae0a-aba553da0e05","Mrs Valentine","My Friend Jimi","https://wavlake.com/feed/music/3d8c7279-6aa6-41e7-be1c-2680e57af6c8","Mrs Valentine","36071881385","7295876"
"a599fabe-6b73-58f3-88b8-a7b78a2976b5","660c8516-ba38-480a-9ce7-e70a17427842","Once Had A Girl","Jdog","https://www.thisisjdog.com/media/ring-that-bell.xml","Ring That Bell","15576638989","6601983"
"a2d2e313-9cbd-5169-b89c-ab07b33ecc33","ae81976d-a05e-4ff9-9adf-cdb11a33fff9","Porkchops Fried","HeyCitizen","https://files.heycitizen.xyz/Songs/Albums/The-Heycitizen-Experience/the heycitizen experience.xml","The Heycitizen Experience","29660147084","6650997"
"a2d2e313-9cbd-5169-b89c-ab07b33ecc33","7cececef-67c0-4e13-9192-943826d3eddd","Not To Worry","HeyCitizen","https://files.heycitizen.xyz/Songs/Albums/The-Heycitizen-Experience/the heycitizen experience.xml","The Heycitizen Experience","28844375342","6650997"
"187f22db-79cb-5ac4-aa60-54e424e3915e","17313b1e-3585-4bfa-9fb4-288636b84313","The Platform (lofi beats mix)","HeyCitizen","https://files.heycitizen.xyz/Songs/Albums/Lofi-Experience/lofi.xml","HeyCitizen's Lo-Fi Hip-Hop Beats to Study and Relax to","26847970639","6996400"
"a2d2e313-9cbd-5169-b89c-ab07b33ecc33","d2346732-acc5-4256-afe5-0a0f3e670e6b","The Platform","HeyCitizen","https://files.heycitizen.xyz/Songs/Albums/The-Heycitizen-Experience/the heycitizen experience.xml","The Heycitizen Experience","16279720760","6650997"
"99d74aa0-2f55-5b2c-9c7a-47a3f31357f3","b9b7d326-b583-477a-894b-b810da5b1f2e","I Want Love","Blackstone Valley","https://music.jimmyv4v.com/bands/blackstone-valley/blackstone-valley-collection/blackstone-valley-collection-rss.xml","Blackstone Valley - Songs","30924182735","6757401"
"a599fabe-6b73-58f3-88b8-a7b78a2976b5","849fa935-bf48-49c6-89e8-5d5b8dd024a2","Ring That Bell","Jdog","https://www.thisisjdog.com/media/ring-that-bell.xml","Ring That Bell","15576638986","6601983"
"dbad52b9-6253-4a9b-bfab-246b9e839815","fabc3e64-e470-4f97-bf4a-3957e481e23b","Pour Me Some Water","Jimmy V","https://music.jimmyv4v.com/bands/jimmy-v/jimmy-v-collection/jimmy_v-jimmy_v_collection-rss.xml","Jimmy V - Music","18097393112","6734639"
"dbad52b9-6253-4a9b-bfab-246b9e839815","9c017289-79a4-40c2-a4fa-451041335db2","Give it Up","Jimmy V","https://music.jimmyv4v.com/bands/jimmy-v/jimmy-v-collection/jimmy_v-jimmy_v_collection-rss.xml","Jimmy V - Music","29877167158","6734639"
"2b62ef49-fcff-523c-b81a-0a7dde2b0609","bbc9bfe3-3db1-400b-9ff0-613f57899614","Long As You're Loving Me","The Doerfels","https://www.doerfelverse.com/feeds/music-from-the-doerfelverse.xml","Music From The Doerfel-Verse","34643825587","6642704"
"dbad52b9-6253-4a9b-bfab-246b9e839815","339085cc-c70c-4a5f-ae9f-ecc745ac8a45","I Believe","Jimmy V","https://music.jimmyv4v.com/bands/jimmy-v/jimmy-v-collection/jimmy_v-jimmy_v_collection-rss.xml","Jimmy V - Music","27987738512","6734639"
"acddbb03-064b-5098-87ca-9b146beb12e8","0d616fe3-16ab-40be-a33c-98468f81fc11","Stay Awhile (reprise)","Able and The Wolf","https://ableandthewolf.com/static/media/feed.xml","Stay Awhile","34162516760","4630863"
"95e5f7a9-d88e-5e51-b2ae-f4b1865d19c4","3587c342-cd4a-481c-838c-de242e5beb0b","Hard Work [Live in Amsterdam]","Theo Katzman","https://wavlake.com/feed/music/8aaf0d1e-7ac3-4f7d-993b-6f59f936d780","Live From the Other Side","33874518605","7216277"
"c73b1a23-1c28-5edb-94c3-10d1745d0877","5342bf75-528c-417e-844b-1d2c69677aeb","This Pain I've Grown","The Death of Rock and Roll","https://music.behindthesch3m3s.com/wp-content/uploads/2023/08/The-Death-of-Rock-and-Roll.xml","The Death of Rock and Roll","15573573048","6571305"
"c76ef0a6-0181-5b9b-a4bc-dd85d4ed178b","fe393a12-8545-440d-b88b-64e6568936fc","A Sight To See Remix","Ryan Fonda","https://www.wavlake.com/feed/0934bb2d-210c-4988-8055-9cd54c9817f7","A Sight To See Remix","15573378264","6568971"
"08604071-83cc-5810-bec2-bea0f0cd0033","2b77f75d-7f9b-4d47-864b-ccf495d4b1f4","Honor You","Ben Doerfel","https://www.doerfelverse.com/feeds/ben-doerfel.xml","Ben Doerfel","33979796260","6604977"
"70b4915d-0c0b-5f7a-9980-82831d2a9ba2","b9471140-0674-4884-bbb5-39ce9c4a000f","All Apology (EP track)","Sara Jade","https://wavlake.com/feed/0a131404-899f-4a7d-a2f3-3dbb61622887","Sink or Swim (EP)","17721952323","6734165"
"52786c48-86b4-5fd9-b4fe-7b44dcc3e4ba","13468078-1a54-4b0e-92bc-2faea2999ae7","St. Joan","R.O. Shapiro","https://wavlake.com/feed/music/d3ee6d16-fc74-4661-a810-4059f745426d","St. Joan","22535444451","6909501"
"c8d77c9c-e661-5d79-8d5f-735cfe9a95b7","17249ca4-fc26-45bb-afa3-d86212c9b2f8","Bringing Em Down","Ryan Fonda","https://www.wavlake.com/feed/4a0dac66-22c0-49f9-9ec2-bcfdf4b4ef10","Bringing Em Down","15573000643","6564932"
"3074902b-b2dc-5877-bfc3-30f5df0fbe6a","c59c7ffe-3847-4d55-ac27-5a1c1fbe6140","Let Go (What's holding you back)","Middle Season","https://www.doerfelverse.com/feeds/middle-season-let-go.xml","Let Go (What's holding you back)","15600524147","6651863"
"2c5f77fe-25d9-5a2d-97ef-236718c627df","469fb1ea-6b9e-4df4-96d3-0b61e9b1b5ca","Calibrating Broadcast​.​.​.","Mellow Cassette","https://music.behindthesch3m3s.com/wp-content/uploads/Mellow Cassette/Radio_Brigade/radio_brigade.xml","Radio Brigade","24524846426","6952640"
"2c5f77fe-25d9-5a2d-97ef-236718c627df","c5071214-ba27-4327-ae0b-4769fc9cac06","Radio Brigade","Mellow Cassette","https://music.behindthesch3m3s.com/wp-content/uploads/Mellow Cassette/Radio_Brigade/radio_brigade.xml","Radio Brigade","24524846427","6952640"
"b9ee4d5d-77e7-56a4-a195-397ae28a3dfe","e92721f0-4291-4b50-a621-f658d875e640","Hello Stranger feat. Helen Tess","Charlie Crown","https://wavlake.com/feed/c5b7d7f5-bf48-41c7-b0cc-8139e300185e","Hello Stranger feat. Helen Tess","18262910063","6754545"
"beeeef0b-51e9-52ac-b8d7-9ed54d5be3b0","8ed4bcfe-a4f9-42a7-9529-d30c3d634656","A Chemical to Balance","Death by Lions","https://wavlake.com/feed/e9ae5762-130d-4a16-b8b2-98804cc1802e","The Sheer Magnitude Of it All","16063862260","6670333"
"08604071-83cc-5810-bec2-bea0f0cd0033","bb9c21e4-6c98-44b9-bf0b-125d244bd013","Emma Rose","Ben Doerfel","https://www.doerfelverse.com/feeds/ben-doerfel.xml","Ben Doerfel","34098709956","6604977"
"2b62ef49-fcff-523c-b81a-0a7dde2b0609","3aaaebf8-e10f-4058-82af-509b4a61689f","They Don't Know","The Doerfels","https://www.doerfelverse.com/feeds/music-from-the-doerfelverse.xml","Music From The Doerfel-Verse","20951492666","6642704"
"2b62ef49-fcff-523c-b81a-0a7dde2b0609","3b60e3d7-93c2-404e-8679-c541668fa121","Possible","The Doerfels","https://www.doerfelverse.com/feeds/music-from-the-doerfelverse.xml","Music From The Doerfel-Verse","24514971941","6642704"
"2b62ef49-fcff-523c-b81a-0a7dde2b0609","765a7360-3c4c-4df6-becb-121abe595f4d","What Love Is","The Doerfels","https://www.doerfelverse.com/feeds/music-from-the-doerfelverse.xml","Music From The Doerfel-Verse","33535170265","6642704"
"537df90e-0cc4-535b-84d0-dcb3ca87f1f8","33932ccc-c707-411b-b914-4e9a94ec7e89","Bad People","Nate Johnivan","https://wavlake.com/feed/music/d677db67-0310-4813-970e-e65927c689f1","Tinderbox","15565789001","6422170"
"d518a5ad-4df1-413e-a4a4-f2c7e146e650","7470d39e-6a8a-4356-9349-b9887d0970be","Hardware Store Lady","Fletcher and Blaney","https://hogstory.net/uploads/everything_is_lit_feed.xml","Everything Is Lit","15575208242","6587677"
"d577b6cd-8c41-548b-abba-60e1502a94df","https://justcast.com/shows/44721/audioposts/1246165","That's How It Goes","Robert Willey","https://feed.justcast.com/shows/true-blue/audioposts.rss","True Blue","7134620807","5208028"
"c1dc15c3-a6e6-577b-8b4e-a7eae58fd40b","https://justcast.com/shows/44808/audioposts/1248738","Out of the Blue","Robert Willey","https://feed.justcast.com/shows/peace-pieces/audioposts.rss","Peace Pieces","7382196771","5198344"
"70456036-6a9c-5165-8fa7-84352259d602","ba10024a-d040-4b31-b61d-ea1fca19387d","The Poet Barfly - Demo","Nate Johnivan","https://wavlake.com/feed/music/f6bbce4b-4d7a-42ba-9464-6a870b4a387e","The Poet Barfly - Demo","31817816293","7152550"
"121c26b0-33f8-5cb9-9e14-d706bd3f5db8","c2747138-3458-4a7d-b5be-7d2c637295bc","Kerouac","White Triangles","https://www.whitetriangles.com/rss.xml","White Triangles","32132471531","6609129"
"2b62ef49-fcff-523c-b81a-0a7dde2b0609","41339be2-3d61-4223-9641-3e7dd12be2b0","So Far Away","The Doerfels","https://www.doerfelverse.com/feeds/music-from-the-doerfelverse.xml","Music From The Doerfel-Verse","20951492671","6642704"
"bcd811d1-9fda-51d9-b2a6-9337f0131b66","ddc7dff4-121b-43ac-81b2-74c9ab618e59","I Do It Cuz It's Bad","Cole Hansen","https://wavlake.com/feed/music/82700713-4ecc-4fc1-94d9-2c0b765504eb","Vote For Love","20105599384","6831667"
"7a0735a7-c2d2-5e2c-ad5a-8586a62bfc93","3a5a784f-642f-41ab-b552-8c710415b8c6","Beer Run","Jessica Lynne Witty","https://www.wavlake.com/feed/b337bd2b-46c5-4bd0-a57f-f93bca81ebea","Take The Lead","15574850045","6583475"
"1ef2b1d6-c4c0-5ef5-b534-bfc025e4193e","46aa7bd5-4355-5e6c-976d-323a4dd7b7ab","Girls at Kroger","Luke Jenison","https://feeds.rssblue.com/girls-at-kroger","Girls at Kroger","29307670194","7055219"
"d3e9bb7a-3df8-5b7e-8f52-0b01decf2b66","360106a8-ddd8-4ee3-8bdf-2ef967b400ab","Midnight Comin'","Vertigo Kidd","https://www.wavlake.com/feed/733fe358-6754-4135-a640-d75bc704c85d","Cold Neon Blues","15565710637","6421029"
"2b62ef49-fcff-523c-b81a-0a7dde2b0609","7f2eb92d-289e-4408-ac6c-47fea5905dc1","If I Promise(Demo)","The Doerfels","https://www.doerfelverse.com/feeds/music-from-the-doerfelverse.xml","Music From The Doerfel-Verse","20951492662","6642704"
"94c8a0bf-f76e-5f8c-ba1d-c0c15a642271","b8c2544f-88ec-4cc2-a30f-98d3e4c25aea","Phatty The Grasshopper","The Doerfels","https://www.doerfelverse.com/feeds/phatty-the-grasshopper.xml","Phatty The Grasshopper","19222240526","6797653"
"babd1567-2803-5ede-9a19-302c2fbf9eae","a2bf5272-8811-4882-aa39-a730c290af4d","Railroad Tracks","Late Night Special","https://www.wavlake.com/feed/05b4cf50-f79b-4296-9f04-02c9223182c5","Halfway To Somwhere","15565790231","6422233"
"2ec344a8-d756-5f8f-bde1-8a034321f1cb","c341b8f3-28b7-43c2-baff-b59eb6d8de8b","Wonder Woman","Matt Johner","https://wavlake.com/feed/music/7c295d64-8b85-4b4f-be2c-72f3954fdcaa","Wonder Woman","31912163412","7154909"
"2b62ef49-fcff-523c-b81a-0a7dde2b0609","2f1fabc9-54c0-4e96-93d8-98737356b448","Now I Know","The Doerfels","https://www.doerfelverse.com/feeds/music-from-the-doerfelverse.xml","Music From The Doerfel-Verse","32662749312","6642704"
"87ef86af-9d75-5876-97f9-5ea46e6094f7","eab9f1bd-94da-4c3c-afa7-3b4bc0c50c70","What's Your New Love Like","The No Good Redwood Ramblers","https://www.wavlake.com/feed/26a5d908-afa5-418d-a076-dac457bd7fa3","Shoot From the Hip, Straight to the Heart","17600554516","6729847"
"a2d2e313-9cbd-5169-b89c-ab07b33ecc33","c2264e2b-a564-43d2-bf7e-5be6298e2ea2","Pay The Bills","HeyCitizen","https://files.heycitizen.xyz/Songs/Albums/The-Heycitizen-Experience/the heycitizen experience.xml","The Heycitizen Experience","32553900134","6650997"
"69c634ad-afea-5826-ad9a-8e1f06d6470b","584953af-7321-4bfe-882d-7cadd697e807","Feeling Bout You","Kurtisdrums","https://www.sirtjthewrathful.com/wp-content/uploads/2023/08/Kurtisdrums-V1.xml","Kurtisdrums","30911813741","6560977"
"f511794d-437f-5cbd-8fcd-c541652a7931","088c8c1b-4753-4bc6-9ae3-08bcbddb3aa1","Playing God","Opus","https://www.doerfelverse.com/artists/opus/opus/opus.xml","Opus","31346450344","7141355"
"028e9f67-e0fc-558f-b598-25f06179cea3","f6ee3774-c452-4e25-b8f4-c8330ff00f43","That's the Life","Theo Katzman","https://wavlake.com/feed/music/6f724ceb-0688-40d5-a93f-4d0b6ec1c797","Be the Wheel","30604410647","7114678"
"4ab3741a-4a10-5631-a026-a9d0eb62fe11","b24f24f6-6e49-4685-afc9-c9fa856a9f1e","Grow","The Doerfels","https://www.doerfelverse.com/feeds/your-chance.xml","Your Chance","30992374699","7131341"
"82235f8b-da8c-52a5-ba6b-1f11c199f526","e580458f-ee8d-4674-b851-2e271cc3ff8e","Let You Down","The Johner Boys","https://wavlake.com/feed/music/9e673dbf-0c6e-49f1-85fa-5b3bdd9b9f08","II","25018216113","6962881"
"2b62ef49-fcff-523c-b81a-0a7dde2b0609","26071e5e-74f4-4dd6-bb4f-19bfa259801f","Happy New Year(demo)","The Doerfels","https://www.doerfelverse.com/feeds/music-from-the-doerfelverse.xml","Music From The Doerfel-Verse","20951492649","6642704"
"6335b366-6a83-5df4-ba62-d356ede08d70","62767045-5cc0-4280-a552-145a56e6964a","Change Your Mind","Ainsley Costello","https://wavlake.com/feed/music/2cc8ce94-6b15-4426-8a6d-ed974d3258e5","Change Your Mind","28415868718","7029052"
"cb086537-5673-57a8-9c78-72542da2a7d4","9a29c9f0-649f-4ddd-8888-55ed84d7c2ab","That Duck","Sir Seat Sitter","https://music.behindthesch3m3s.com/wp-content/uploads/Sir Seat Sitter/that_duck.xml","That Duck","18609803143","6769013"
"e0658b29-1cd3-55b8-ac51-0997764ce334","32dd5103-548b-4b0a-ba56-13088637c1d5","Big Sciota","Generation Gap","https://www.doerfelverse.com/feeds/generation-gap.xml","Generation Gap","29726403424","7074495"
"6eef0b66-bb86-5d0c-b260-099bcc920b7c","bd305f20-3c55-47b1-9722-6d68aeeaede7","Sensitive Guy","Miles Fonda","https://www.doerfelverse.com/feeds/sensitive-guy.xml","Sensitive Guy","29277505057","7053881"
"545a3589-88e6-57c5-8448-bdc056cc3dfb","e7d7bf4f-811c-4644-9897-3f78cd2afa00","Secrets","Jordan Dedo","https://www.doerfelverse.com/artists/jordandedo/secrets-single.xml","Secrets - Single","29863899351","7080422"
"2b62ef49-fcff-523c-b81a-0a7dde2b0609","ae930ad6-5966-4033-b17f-b4e39519701d","Worth Fighting For","The Doerfels","https://www.doerfelverse.com/feeds/music-from-the-doerfelverse.xml","Music From The Doerfel-Verse","20951492652","6642704"
"5bb8f186-2460-54dc-911d-54f642e8adf6","f69cd5a5-2018-411b-afc1-00ab12142e83","You","CityBeach","https://www.sirtjthewrathful.com/wp-content/uploads/2023/08/CityBeach.xml","CityBeach","15573087569","6560745"
"5bb8f186-2460-54dc-911d-54f642e8adf6","3c506193-5247-41bf-9d5d-6d8c7571142c","Safe","CityBeach","https://www.sirtjthewrathful.com/wp-content/uploads/2023/08/CityBeach.xml","CityBeach","15573087570","6560745"
"66740bed-5dca-540f-98ff-0411593dab82","c660daaf-c499-4c36-af7c-f41171d9b612","Hallucinations","Victoria Fragoso","https://www.wavlake.com/feed/24449797-c9b7-4151-a31a-8b9a74b1dd86","Hallucinations","15574339381","6578496"
"ec20d4ed-76c2-50dc-b4d9-0ba407f8cd81","55e1640d-5de7-448f-94ec-7cc2797e245a","Ordinary","Tyson Froese","https://music.jimmyv4v.com/bands/tyson_froese/tyson_froese_collection/tyson_froese_collection-rss.xml","Tyson Froese - Songs","27986794568","6776902"
"2b62ef49-fcff-523c-b81a-0a7dde2b0609","eb69c0a1-c8b3-4898-8eef-af496d04a4e5","Maybe It's You","The Doerfels","https://www.doerfelverse.com/feeds/music-from-the-doerfelverse.xml","Music From The Doerfel-Verse","20951492658","6642704"
"2b62ef49-fcff-523c-b81a-0a7dde2b0609","caae8d61-bedd-40d9-ad57-8c86c1509020","Make It","The Doerfels","https://www.doerfelverse.com/feeds/music-from-the-doerfelverse.xml","Music From The Doerfel-Verse","29226577249","6642704"
"2b62ef49-fcff-523c-b81a-0a7dde2b0609","58c9b50a-6d5f-4dcd-90ae-e3a76a9d2c0e","Sing For You","The Doerfels","https://www.doerfelverse.com/feeds/music-from-the-doerfelverse.xml","Music From The Doerfel-Verse","20951492657","6642704"
"b84c3345-55db-54e0-ac41-4b1cc6f3df67","6941fa17-0b82-4acf-aba0-79bdb219c98f","Pour Over","CityBeach","https://www.doerfelverse.com/feeds/pour-over.xml","Pour Over","19631378254","6811872"
"bba99401-378c-5540-bf95-c456b3d4de26","804099cb-264f-42cc-8026-18f989c08f2b","So Far Away","The Doerfels","https://www.sirtjthewrathful.com/wp-content/uploads/2023/08/So-Far-Away.xml","So Far Away","15580771691","6567874"
"69c634ad-afea-5826-ad9a-8e1f06d6470b","3e3d88cd-d20e-4999-9239-70a8c762749b","Worthy Lofi","Kurtisdrums","https://www.sirtjthewrathful.com/wp-content/uploads/2023/08/Kurtisdrums-V1.xml","Kurtisdrums","18539322328","6560977"
"2b62ef49-fcff-523c-b81a-0a7dde2b0609","a58d266a-2421-4772-9ae9-83ebbeb80d79","Breakaway (demo)","The Doerfels","https://www.doerfelverse.com/feeds/music-from-the-doerfelverse.xml","Music From The Doerfel-Verse","20951492645","6642704"
"2b62ef49-fcff-523c-b81a-0a7dde2b0609","fedb7f31-c90a-4aca-9ab8-87db350af674","Thought It Was Real","The Doerfels","https://www.doerfelverse.com/feeds/music-from-the-doerfelverse.xml","Music From The Doerfel-Verse","20951492667","6642704"
"2b62ef49-fcff-523c-b81a-0a7dde2b0609","be4da809-a7d3-42fb-aec9-7050144bf814","Morning Love","The Doerfels","https://www.doerfelverse.com/feeds/music-from-the-doerfelverse.xml","Music From The Doerfel-Verse","20951492654","6642704"
"1e7ed1fa-0456-5860-9b34-825d1335d8f8","5334a806-1c60-481e-a978-7577ce988b56","SWEATS","CityBeach","https://www.sirtjthewrathful.com/wp-content/uploads/2023/08/Nostalgic.xml","Nostalgic","15573087115","6560821"
"d13eab76-a4c4-5e4b-a0fb-25ed1386bc51","58cf0bcf-bf66-46a1-8759-314def6d76e5","Possible","The Doerfels","https://www.doerfelverse.com/feeds/possible.xml","Possible","24076872504","6942961"